"animal","month","n","e.rel"
"Afgasset",4,11,38.6619010020529
"Afgasset",6,11,42.0508573781711
"Kvæg",4,8,25.9957008300107
"Kvæg",6,8,35.3876188147002
"Slagtesvin",4,7,16.4921435462822
"Slagtesvin",6,7,18.5003279817791
"So-/smågrise",4,6,12.4212780385585
"So-/smågrise",6,6,14.035111652793
