"animal","month","n","e.rel"
"Afgasset",4,4,48.3679458964827
"Afgasset",6,4,53.7985492767038
"Kvæg",4,8,24.7572859193281
"Kvæg",6,8,35.1008711341326
"Slagtesvin",4,7,17.4152143443614
"Slagtesvin",6,7,20.1129029260889
"So-/smågrise",4,6,13.5359118645739
"So-/smågrise",6,6,15.4009652550148
