"animal","month","n","e.rel"
"Afgasset",4,11,37.3732682478554
"Afgasset",6,11,41.3491358847962
"Kvæg",4,8,23.5004171734264
"Kvæg",6,8,32.9875849728365
"Slagtesvin",4,7,15.8440738207014
"Slagtesvin",6,7,18.0413895210898
"So-/smågrise",4,6,12.0089521589832
"So-/smågrise",6,6,13.6073268383779
