"","animal","dpH.mean"
"1","Afgasset",-1.38018611605777
"2","Kvæg",-0.53314798967449
"3","Slagtesvin",-0.673207185398101
"4","So-/smågrise",-0.794217016740866
