"","animal","dose.kg.t","dpH.mean","n"
"1","Afgasset",11,-1.38018611605777,11
"2","Afgasset",2.1,-0.583375072943427,11
"3","Afgasset",3.4,-0.818657769883596,11
"4","Afgasset",5.7,-1.00749029500989,11
"5","Afgasset",7.5,-1.11404266385241,11
"6","Kvæg",3,-0.53314798967449,8
"7","Slagtesvin",2.9,-0.673207185398101,7
"8","So-/smågrise",2.9,-0.794217016740866,6
