"","animal","dpH.mean","n"
"1","Afgasset",-1.38018611605777,11
"2","Kvæg",-0.53314798967449,8
"3","Slagtesvin",-0.673207185398101,7
"4","So-/smågrise",-0.794217016740866,6
